,x,y,z,node,line_id,point_id,degree,cc,vol_cc,avg_PK_Of_element,element_connectivity,folder_name
0,8.424,24.96,8.0,0,269,2,1,1,0.03245,1.0,1.0,TCDD1nM4hr1_Subset
1,8.424,24.752,8.0,1,269,0,1,1,0.03245,1.0,1.0,TCDD1nM4hr1_Subset
2,4.992,22.984,8.0,2,268,2,1,2,0.09194,1.0,1.0,TCDD1nM4hr1_Subset
3,4.784,22.984,8.0,3,268,0,1,2,0.09194,1.0,1.0,TCDD1nM4hr1_Subset
4,5.928,22.152,8.0,4,263,10,1,3,0.17306,1.0,1.0,TCDD1nM4hr1_Subset
5,6.24,18.2,8.0,5,267,4,1,4,0.08112,1.0,1.0,TCDD1nM4hr1_Subset
6,6.032,17.784,8.0,6,267,0,1,4,0.08112,1.0,1.0,TCDD1nM4hr1_Subset
7,5.824,17.368,8.0,7,259,17,1,5,0.49754,1.0,1.0,TCDD1nM4hr1_Subset
8,5.928,41.392,7.5,8,266,3,1,6,0.04867,1.0,1.0,TCDD1nM4hr1_Subset
9,5.928,41.08,7.5,9,266,0,1,6,0.04867,1.0,1.0,TCDD1nM4hr1_Subset
10,5.928,28.184,7.5,10,258,10,1,7,0.55702,1.0,1.0,TCDD1nM4hr1_Subset
11,6.552,28.08,7.5,11,265,4,1,8,0.10275,1.0,1.0,TCDD1nM4hr1_Subset
12,6.968,27.872,7.5,12,265,0,1,8,0.10275,1.0,1.0,TCDD1nM4hr1_Subset
13,5.512,23.088,7.5,13,264,3,1,9,0.03786,1.0,1.0,TCDD1nM4hr1_Subset
14,5.512,22.776,7.5,14,264,0,1,9,0.03786,1.0,1.0,TCDD1nM4hr1_Subset
15,6.656,21.32,7.5,15,263,0,1,3,0.17306,1.0,1.0,TCDD1nM4hr1_Subset
16,8.736,16.952,7.5,16,262,3,1,10,0.03245,1.0,1.0,TCDD1nM4hr1_Subset
17,8.736,16.64,7.5,17,262,0,1,10,0.03245,1.0,1.0,TCDD1nM4hr1_Subset
18,5.2,30.368,7.0,18,261,3,1,12,0.15142,1.0,1.0,TCDD1nM4hr1_Subset
19,5.512,30.056,7.0,19,261,0,1,12,0.15142,1.0,1.0,TCDD1nM4hr1_Subset
20,8.424,28.496,7.0,20,251,11,1,13,0.55162,1.0,1.0,TCDD1nM4hr1_Subset
21,8.944,27.976,7.0,21,260,9,1,14,0.32448,1.0,1.0,TCDD1nM4hr1_Subset
22,9.152,27.04,7.0,22,260,0,1,14,0.32448,1.0,1.0,TCDD1nM4hr1_Subset
23,5.304,15.6,7.0,23,259,0,1,5,0.49754,1.0,1.0,TCDD1nM4hr1_Subset
24,7.904,13.936,7.0,24,280,19,1,17,0.69763,1.0,1.0,TCDD1nM4hr1_Subset
25,6.76,13.832,7.0,25,257,5,1,16,0.2001,1.0,1.0,TCDD1nM4hr1_Subset
26,5.72,13.832,7.0,26,281,13,1,15,0.44346,1.0,1.0,TCDD1nM4hr1_Subset
27,6.552,13.104,7.0,27,253,4,1,18,1.72515,2.0,0.5,TCDD1nM4hr1_Subset
28,5.096,30.992,6.5,28,256,11,1,11,0.58947,1.0,1.0,TCDD1nM4hr1_Subset
29,4.16,30.16,6.5,29,231,16,1,19,12.67635,2.5,0.4,TCDD1nM4hr1_Subset
30,4.888,28.08,6.5,30,258,0,1,7,0.55702,1.0,1.0,TCDD1nM4hr1_Subset
31,4.056,21.112,6.5,31,254,4,1,20,0.08653,1.0,1.0,TCDD1nM4hr1_Subset
32,5.616,15.08,6.5,32,281,0,1,15,0.44346,1.0,1.0,TCDD1nM4hr1_Subset
33,7.072,13.312,6.5,33,257,0,1,16,0.2001,1.0,1.0,TCDD1nM4hr1_Subset
34,6.24,30.784,6.0,34,256,0,1,11,0.58947,1.0,1.0,TCDD1nM4hr1_Subset
35,3.224,22.88,6.0,35,255,2,1,24,0.03245,1.0,1.0,TCDD1nM4hr1_Subset
36,3.224,22.672,6.0,36,255,0,1,24,0.03245,1.0,1.0,TCDD1nM4hr1_Subset
37,4.056,20.696,6.0,37,254,0,1,20,0.08653,1.0,1.0,TCDD1nM4hr1_Subset
38,2.08,20.384,6.0,38,279,12,1,26,1.34659,2.0,0.5,TCDD1nM4hr1_Subset
39,7.28,12.792,6.0,39,252,2,1,28,0.08653,1.0,1.0,TCDD1nM4hr1_Subset
40,6.3232,12.6048,5.6,40,199,6,3,18,1.72515,3.0,0.3333333333333333,TCDD1nM4hr1_Subset
41,6.3232,12.6048,5.6,40,244,6,3,18,1.72515,2.0,0.5,TCDD1nM4hr1_Subset
42,6.3232,12.6048,5.6,40,253,6,3,18,1.72515,2.0,0.5,TCDD1nM4hr1_Subset
43,7.176,12.584,6.0,41,252,0,1,28,0.08653,1.0,1.0,TCDD1nM4hr1_Subset
44,8.424,11.856,6.0,42,280,0,1,17,0.69763,1.0,1.0,TCDD1nM4hr1_Subset
45,7.384,11.752,6.0,43,248,9,1,21,0.51376,1.0,1.0,TCDD1nM4hr1_Subset
46,9.152,31.616,5.5,44,246,2,1,22,10.12918,2.0,0.5,TCDD1nM4hr1_Subset
47,7.176,29.952,5.5,45,218,16,1,23,0.87069,1.0,1.0,TCDD1nM4hr1_Subset
48,8.736,29.64,5.5,46,251,0,1,13,0.55162,1.0,1.0,TCDD1nM4hr1_Subset
49,10.504,28.808,5.5,47,247,25,1,22,10.12918,2.0,0.5,TCDD1nM4hr1_Subset
50,3.12,22.36,5.5,48,250,3,1,25,0.03245,1.0,1.0,TCDD1nM4hr1_Subset
51,3.12,22.048,5.5,49,250,0,1,25,0.03245,1.0,1.0,TCDD1nM4hr1_Subset
52,2.6,19.968,5.5,50,249,15,1,27,0.4705,1.0,1.0,TCDD1nM4hr1_Subset
53,2.808,18.408,5.5,51,249,0,1,27,0.4705,1.0,1.0,TCDD1nM4hr1_Subset
54,2.808,15.704,5.5,52,245,6,1,31,0.24336,1.0,1.0,TCDD1nM4hr1_Subset
55,7.904,11.024,5.5,53,248,0,1,21,0.51376,1.0,1.0,TCDD1nM4hr1_Subset
56,9.36,31.408,5.0,54,222,9,3,22,10.12918,3.0,0.3333333333333333,TCDD1nM4hr1_Subset
57,9.36,31.408,5.0,54,246,9,3,22,10.12918,2.0,0.5,TCDD1nM4hr1_Subset
58,9.36,31.408,5.0,54,247,9,3,22,10.12918,2.0,0.5,TCDD1nM4hr1_Subset
59,9.568,29.016,5.0,55,232,6,1,22,10.12918,2.0,0.5,TCDD1nM4hr1_Subset
60,1.56,22.048,5.0,56,241,3,1,33,0.09734,1.0,1.0,TCDD1nM4hr1_Subset
61,2.184,16.016,5.0,57,245,0,1,31,0.24336,1.0,1.0,TCDD1nM4hr1_Subset
62,6.136,12.896,5.0,58,244,0,1,18,1.72515,2.0,0.5,TCDD1nM4hr1_Subset
63,4.992,11.856,5.0,59,197,21,1,29,5.49994,2.0,0.5,TCDD1nM4hr1_Subset
64,9.36,10.192,5.0,60,240,3,1,32,0.26499,1.0,1.0,TCDD1nM4hr1_Subset
65,5.928,10.192,5.0,61,243,2,1,35,0.05949,1.0,1.0,TCDD1nM4hr1_Subset
66,5.72,10.192,5.0,62,243,0,1,35,0.05949,1.0,1.0,TCDD1nM4hr1_Subset
67,13.52,22.36,4.5,63,238,2,1,37,0.04326,1.0,1.0,TCDD1nM4hr1_Subset
68,2.184,21.944,4.5,64,242,2,1,26,1.34659,2.0,0.5,TCDD1nM4hr1_Subset
69,2.0453,21.6667,4.5,65,237,11,3,26,1.34659,2.0,0.5,TCDD1nM4hr1_Subset
70,2.0453,21.6667,4.5,65,242,11,3,26,1.34659,2.0,0.5,TCDD1nM4hr1_Subset
71,2.0453,21.6667,4.5,65,279,11,3,26,1.34659,2.0,0.5,TCDD1nM4hr1_Subset
72,1.248,21.736,4.5,66,241,0,1,33,0.09734,1.0,1.0,TCDD1nM4hr1_Subset
73,9.36,9.88,4.5,67,240,0,1,32,0.26499,1.0,1.0,TCDD1nM4hr1_Subset
74,8.5973,30.7147,4.0,68,220,3,3,22,10.12918,3.0,0.3333333333333333,TCDD1nM4hr1_Subset
75,8.5973,30.7147,4.0,68,234,3,3,22,10.12918,3.0,0.3333333333333333,TCDD1nM4hr1_Subset
76,8.5973,30.7147,4.0,68,239,3,3,22,10.12918,3.0,0.3333333333333333,TCDD1nM4hr1_Subset
77,7.8,30.68,4.0,69,233,6,3,22,10.12918,2.0,0.5,TCDD1nM4hr1_Subset
78,7.8,30.68,4.0,69,235,6,3,22,10.12918,3.0,0.3333333333333333,TCDD1nM4hr1_Subset
79,7.8,30.68,4.0,69,239,6,3,22,10.12918,3.0,0.3333333333333333,TCDD1nM4hr1_Subset
80,5.096,30.68,4.0,70,219,3,1,19,12.67635,2.0,0.5,TCDD1nM4hr1_Subset
81,13.52,22.568,4.0,71,238,0,1,37,0.04326,1.0,1.0,TCDD1nM4hr1_Subset
82,1.456,20.696,4.0,72,237,0,1,26,1.34659,2.0,0.5,TCDD1nM4hr1_Subset
83,3.848,13.416,4.0,73,226,4,1,30,3.75856,2.0,0.5,TCDD1nM4hr1_Subset
84,9.048,11.232,4.0,74,274,16,1,34,1.31955,2.0,0.5,TCDD1nM4hr1_Subset
85,8.32,7.696,4.0,75,224,2,1,29,5.49994,2.0,0.5,TCDD1nM4hr1_Subset
86,6.76,33.176,3.375,76,61,15,4,22,10.12918,3.5,0.2857142857142857,TCDD1nM4hr1_Subset
87,6.76,33.176,3.375,76,221,15,4,22,10.12918,3.5,0.2857142857142857,TCDD1nM4hr1_Subset
88,6.76,33.176,3.375,76,223,15,4,22,10.12918,2.5,0.4,TCDD1nM4hr1_Subset
89,6.76,33.176,3.375,76,236,15,4,22,10.12918,3.5,0.2857142857142857,TCDD1nM4hr1_Subset
90,7.2453,31.616,3.3333,77,221,0,3,22,10.12918,3.5,0.2857142857142857,TCDD1nM4hr1_Subset
91,7.2453,31.616,3.3333,77,235,0,3,22,10.12918,3.0,0.3333333333333333,TCDD1nM4hr1_Subset
92,7.2453,31.616,3.3333,77,236,0,3,22,10.12918,3.5,0.2857142857142857,TCDD1nM4hr1_Subset
93,8.7707,30.4373,3.1667,78,144,4,3,22,10.12918,3.0,0.3333333333333333,TCDD1nM4hr1_Subset
94,8.7707,30.4373,3.1667,78,178,4,3,22,10.12918,3.0,0.3333333333333333,TCDD1nM4hr1_Subset
95,8.7707,30.4373,3.1667,78,234,4,3,22,10.12918,3.0,0.3333333333333333,TCDD1nM4hr1_Subset
96,8.112,30.056,3.5,79,233,0,1,22,10.12918,2.0,0.5,TCDD1nM4hr1_Subset
97,9.1867,29.6747,3.5,80,179,3,3,22,10.12918,3.0,0.3333333333333333,TCDD1nM4hr1_Subset
98,9.1867,29.6747,3.5,80,232,3,3,22,10.12918,2.0,0.5,TCDD1nM4hr1_Subset
99,9.1867,29.6747,3.5,80,278,3,3,22,10.12918,3.0,0.3333333333333333,TCDD1nM4hr1_Subset
100,2.834,28.834,3.25,81,140,5,4,19,12.67635,3.5,0.2857142857142857,TCDD1nM4hr1_Subset
101,2.834,28.834,3.25,81,175,5,4,19,12.67635,2.5,0.4,TCDD1nM4hr1_Subset
102,2.834,28.834,3.25,81,215,5,4,19,12.67635,3.5,0.2857142857142857,TCDD1nM4hr1_Subset
103,2.834,28.834,3.25,81,231,5,4,19,12.67635,2.5,0.4,TCDD1nM4hr1_Subset
104,7.9733,21.8747,3.1667,82,205,0,3,43,1.09782,3.0,0.3333333333333333,TCDD1nM4hr1_Subset
105,7.9733,21.8747,3.1667,82,206,0,3,43,1.09782,3.0,0.3333333333333333,TCDD1nM4hr1_Subset
106,7.9733,21.8747,3.1667,82,229,0,3,43,1.09782,2.0,0.5,TCDD1nM4hr1_Subset
107,13.624,21.736,3.5,83,230,2,1,44,0.08653,1.0,1.0,TCDD1nM4hr1_Subset
108,7.28,21.736,3.5,84,208,3,1,43,1.09782,2.0,0.5,TCDD1nM4hr1_Subset
109,13.52,21.528,3.5,85,230,0,1,44,0.08653,1.0,1.0,TCDD1nM4hr1_Subset
110,8.216,21.528,3.5,86,229,0,1,43,1.09782,2.0,0.5,TCDD1nM4hr1_Subset
111,9.568,20.488,3.5,87,228,2,1,45,0.03245,1.0,1.0,TCDD1nM4hr1_Subset
112,9.568,20.28,3.5,88,228,0,1,45,0.03245,1.0,1.0,TCDD1nM4hr1_Subset
113,13.104,14.144,3.5,89,227,7,1,39,0.34611,1.0,1.0,TCDD1nM4hr1_Subset
114,13.104,13.416,3.5,90,227,0,1,39,0.34611,1.0,1.0,TCDD1nM4hr1_Subset
115,3.432,13.104,3.5,91,201,5,3,30,3.75856,2.0,0.5,TCDD1nM4hr1_Subset
116,3.432,13.104,3.5,91,203,5,3,30,3.75856,3.0,0.3333333333333333,TCDD1nM4hr1_Subset
117,3.432,13.104,3.5,91,226,5,3,30,3.75856,2.0,0.5,TCDD1nM4hr1_Subset
118,5.2,10.608,3.5,92,225,2,1,49,0.17846,1.0,1.0,TCDD1nM4hr1_Subset
119,5.408,10.504,3.5,93,225,0,1,49,0.17846,1.0,1.0,TCDD1nM4hr1_Subset
120,5.824,9.984,3.5,94,198,8,1,29,5.49994,2.0,0.5,TCDD1nM4hr1_Subset
121,9.36,9.36,3.5,95,194,8,1,29,5.49994,2.0,0.5,TCDD1nM4hr1_Subset
122,5.2,8.008,3.5,96,191,4,1,40,2.39034,2.5,0.4,TCDD1nM4hr1_Subset
123,8.528,7.904,3.5,97,188,5,3,29,5.49994,2.0,0.5,TCDD1nM4hr1_Subset
124,8.528,7.904,3.5,97,190,5,3,29,5.49994,3.0,0.3333333333333333,TCDD1nM4hr1_Subset
125,8.528,7.904,3.5,97,224,5,3,29,5.49994,2.0,0.5,TCDD1nM4hr1_Subset
126,6.656,33.592,3.0,98,223,0,1,22,10.12918,2.5,0.4,TCDD1nM4hr1_Subset
127,4.472,32.864,3.0,99,150,12,1,41,2.1632,2.0,0.5,TCDD1nM4hr1_Subset
128,9.048,32.344,3.0,100,185,5,3,22,10.12918,3.5,0.2857142857142857,TCDD1nM4hr1_Subset
129,9.048,32.344,3.0,100,186,5,3,22,10.12918,2.0,0.5,TCDD1nM4hr1_Subset
130,9.048,32.344,3.0,100,222,5,3,22,10.12918,3.0,0.3333333333333333,TCDD1nM4hr1_Subset
131,3.744,31.824,3.0,101,62,12,3,19,12.67635,2.0,0.5,TCDD1nM4hr1_Subset
132,3.744,31.824,3.0,101,147,12,3,19,12.67635,3.0,0.3333333333333333,TCDD1nM4hr1_Subset
133,3.744,31.824,3.0,101,216,12,3,19,12.67635,3.0,0.3333333333333333,TCDD1nM4hr1_Subset
134,8.424,31.096,3.0,102,142,8,3,22,10.12918,2.0,0.5,TCDD1nM4hr1_Subset
135,8.424,31.096,3.0,102,184,8,3,22,10.12918,3.5,0.2857142857142857,TCDD1nM4hr1_Subset
136,8.424,31.096,3.0,102,220,8,3,22,10.12918,3.0,0.3333333333333333,TCDD1nM4hr1_Subset
137,5.408,30.992,3.0,103,182,5,3,19,12.67635,3.0,0.3333333333333333,TCDD1nM4hr1_Subset
138,5.408,30.992,3.0,103,217,5,3,19,12.67635,2.0,0.5,TCDD1nM4hr1_Subset
139,5.408,30.992,3.0,103,219,5,3,19,12.67635,2.0,0.5,TCDD1nM4hr1_Subset
140,6.24,30.888,3.0,104,218,0,1,23,0.87069,1.0,1.0,TCDD1nM4hr1_Subset
141,5.72,30.576,3.0,105,217,0,1,19,12.67635,2.0,0.5,TCDD1nM4hr1_Subset
142,3.3627,30.1947,3.0,106,181,13,3,19,12.67635,3.0,0.3333333333333333,TCDD1nM4hr1_Subset
143,3.3627,30.1947,3.0,106,215,13,3,19,12.67635,3.5,0.2857142857142857,TCDD1nM4hr1_Subset
144,3.3627,30.1947,3.0,106,216,13,3,19,12.67635,3.0,0.3333333333333333,TCDD1nM4hr1_Subset
145,7.696,29.744,3.0,107,177,4,1,52,0.63814,2.0,0.5,TCDD1nM4hr1_Subset
146,10.608,27.976,3.0,108,176,5,1,42,0.86528,2.0,0.5,TCDD1nM4hr1_Subset
147,11.752,26.728,3.0,109,212,22,1,36,1.73056,2.0,0.5,TCDD1nM4hr1_Subset
148,2.392,25.896,2.625,110,48,12,4,19,12.67635,2.5,0.4,TCDD1nM4hr1_Subset
149,2.392,25.896,2.625,110,131,12,4,19,12.67635,2.5,0.4,TCDD1nM4hr1_Subset
150,2.392,25.896,2.625,110,174,12,4,19,12.67635,3.5,0.2857142857142857,TCDD1nM4hr1_Subset
151,2.392,25.896,2.625,110,214,12,4,19,12.67635,2.5,0.4,TCDD1nM4hr1_Subset
152,2.392,24.856,3.0,111,214,0,1,19,12.67635,2.5,0.4,TCDD1nM4hr1_Subset
153,12.792,24.544,3.0,112,213,2,1,36,1.73056,2.0,0.5,TCDD1nM4hr1_Subset
154,12.584,24.44,3.0,113,211,3,3,36,1.73056,2.0,0.5,TCDD1nM4hr1_Subset
155,12.584,24.44,3.0,113,212,3,3,36,1.73056,2.0,0.5,TCDD1nM4hr1_Subset
156,12.584,24.44,3.0,113,213,3,3,36,1.73056,2.0,0.5,TCDD1nM4hr1_Subset
157,12.584,24.128,3.0,114,211,0,1,36,1.73056,2.0,0.5,TCDD1nM4hr1_Subset
158,9.88,23.608,3.0,115,210,3,1,55,0.11898,1.0,1.0,TCDD1nM4hr1_Subset
159,10.192,23.296,3.0,116,210,0,1,0,0.0,1.0,1.0,TCDD1nM4hr1_Subset
160,2.184,22.776,3.0,117,209,3,1,56,0.09194,1.0,1.0,TCDD1nM4hr1_Subset
161,7.904,22.672,3.0,118,173,14,3,43,1.09782,2.0,0.5,TCDD1nM4hr1_Subset
162,7.904,22.672,3.0,118,206,14,3,43,1.09782,3.0,0.3333333333333333,TCDD1nM4hr1_Subset
163,7.904,22.672,3.0,118,207,14,3,43,1.09782,3.0,0.3333333333333333,TCDD1nM4hr1_Subset
164,2.08,22.464,3.0,119,209,0,1,56,0.09194,1.0,1.0,TCDD1nM4hr1_Subset
165,7.488,22.048,3.0,120,205,4,3,43,1.09782,3.0,0.3333333333333333,TCDD1nM4hr1_Subset
166,7.488,22.048,3.0,120,207,4,3,43,1.09782,3.0,0.3333333333333333,TCDD1nM4hr1_Subset
167,7.488,22.048,3.0,120,208,4,3,43,1.09782,2.0,0.5,TCDD1nM4hr1_Subset
168,4.992,21.84,3.0,121,170,3,1,57,0.8112,2.0,0.5,TCDD1nM4hr1_Subset
169,5.512,19.968,3.0,122,168,3,1,38,4.74822,2.0,0.5,TCDD1nM4hr1_Subset
170,1.664,19.76,3.0,123,105,18,1,46,0.9464,1.0,1.0,TCDD1nM4hr1_Subset
171,2.496,18.72,3.0,124,204,2,1,30,3.75856,2.0,0.5,TCDD1nM4hr1_Subset
172,2.4613,18.4427,2.8333,125,21,15,3,30,3.75856,3.5,0.2857142857142857,TCDD1nM4hr1_Subset
173,2.4613,18.4427,2.8333,125,203,15,3,30,3.75856,3.0,0.3333333333333333,TCDD1nM4hr1_Subset
174,2.4613,18.4427,2.8333,125,204,15,3,30,3.75856,2.0,0.5,TCDD1nM4hr1_Subset
175,9.672,18.408,3.0,126,202,5,1,47,0.12438,1.0,1.0,TCDD1nM4hr1_Subset
176,9.568,17.888,3.0,127,202,0,1,47,0.12438,1.0,1.0,TCDD1nM4hr1_Subset
177,4.576,12.688,3.0,128,15,6,3,48,1.29251,2.0,0.5,TCDD1nM4hr1_Subset
178,4.576,12.688,3.0,128,92,6,3,48,1.29251,2.0,0.5,TCDD1nM4hr1_Subset
179,4.576,12.688,3.0,128,200,6,3,48,1.29251,3.0,0.3333333333333333,TCDD1nM4hr1_Subset
180,3.64,12.584,3.0,129,201,0,1,30,3.75856,2.0,0.5,TCDD1nM4hr1_Subset
181,4.68,12.48,3.0,130,87,7,3,48,1.29251,2.0,0.5,TCDD1nM4hr1_Subset
182,4.68,12.48,3.0,130,164,7,3,48,1.29251,2.0,0.5,TCDD1nM4hr1_Subset
183,4.68,12.48,3.0,130,200,7,3,48,1.29251,3.0,0.3333333333333333,TCDD1nM4hr1_Subset
184,5.8933,11.9253,3.0,131,84,12,3,18,1.72515,2.0,0.5,TCDD1nM4hr1_Subset
185,5.8933,11.9253,3.0,131,90,12,3,18,1.72515,2.0,0.5,TCDD1nM4hr1_Subset
186,5.8933,11.9253,3.0,131,199,12,3,18,1.72515,3.0,0.3333333333333333,TCDD1nM4hr1_Subset
187,6.5,10.4,2.75,132,157,22,3,29,5.49994,3.0,0.3333333333333333,TCDD1nM4hr1_Subset
188,6.5,10.4,2.75,132,197,22,3,29,5.49994,2.0,0.5,TCDD1nM4hr1_Subset
189,6.5,10.4,2.75,132,198,22,3,29,5.49994,2.0,0.5,TCDD1nM4hr1_Subset
190,4.576,10.088,3.0,133,196,3,1,50,0.15683,1.0,1.0,TCDD1nM4hr1_Subset
191,4.264,10.088,3.0,134,196,0,1,50,0.15683,1.0,1.0,TCDD1nM4hr1_Subset
192,8.632,9.672,3.0,135,195,2,1,29,5.49994,2.0,0.5,TCDD1nM4hr1_Subset
193,8.5973,9.3947,3.0,136,160,7,3,29,5.49994,3.0,0.3333333333333333,TCDD1nM4hr1_Subset
194,8.5973,9.3947,3.0,136,194,7,3,29,5.49994,2.0,0.5,TCDD1nM4hr1_Subset
195,8.5973,9.3947,3.0,136,195,7,3,29,5.49994,2.0,0.5,TCDD1nM4hr1_Subset
196,5.928,9.1867,2.6667,137,82,6,3,40,2.39034,2.0,0.5,TCDD1nM4hr1_Subset
197,5.928,9.1867,2.6667,137,162,6,3,40,2.39034,3.0,0.3333333333333333,TCDD1nM4hr1_Subset
198,5.928,9.1867,2.6667,137,193,6,3,40,2.39034,3.0,0.3333333333333333,TCDD1nM4hr1_Subset
199,5.6853,8.8747,3.0,138,161,3,3,40,2.39034,3.5,0.2857142857142857,TCDD1nM4hr1_Subset
200,5.6853,8.8747,3.0,138,192,3,3,40,2.39034,3.0,0.3333333333333333,TCDD1nM4hr1_Subset
201,5.6853,8.8747,3.0,138,193,3,3,40,2.39034,3.0,0.3333333333333333,TCDD1nM4hr1_Subset
202,5.928,8.632,3.0,139,159,2,3,40,2.39034,3.5,0.2857142857142857,TCDD1nM4hr1_Subset
203,5.928,8.632,3.0,139,162,2,3,40,2.39034,3.0,0.3333333333333333,TCDD1nM4hr1_Subset
204,5.928,8.632,3.0,139,192,2,3,40,2.39034,3.0,0.3333333333333333,TCDD1nM4hr1_Subset
205,5.356,8.5627,2.5,140,80,0,4,40,2.39034,2.5,0.4,TCDD1nM4hr1_Subset
206,5.356,8.5627,2.5,140,158,0,4,40,2.39034,4.0,0.25,TCDD1nM4hr1_Subset
207,5.356,8.5627,2.5,140,161,0,4,40,2.39034,3.5,0.2857142857142857,TCDD1nM4hr1_Subset
208,5.356,8.5627,2.5,140,191,0,4,40,2.39034,2.5,0.4,TCDD1nM4hr1_Subset
209,8.5131,8.4686,2.5714,141,79,4,3,29,5.49994,3.0,0.3333333333333333,TCDD1nM4hr1_Subset
210,8.5131,8.4686,2.5714,141,160,4,3,29,5.49994,3.0,0.3333333333333333,TCDD1nM4hr1_Subset
211,8.5131,8.4686,2.5714,141,190,4,3,29,5.49994,3.0,0.3333333333333333,TCDD1nM4hr1_Subset
212,5.824,8.2992,2.7,142,156,3,4,40,2.39034,2.5,0.4,TCDD1nM4hr1_Subset
213,5.824,8.2992,2.7,142,158,3,4,40,2.39034,4.0,0.25,TCDD1nM4hr1_Subset
214,5.824,8.2992,2.7,142,159,3,4,40,2.39034,3.5,0.2857142857142857,TCDD1nM4hr1_Subset
215,5.824,8.2992,2.7,142,189,3,4,40,2.39034,2.5,0.4,TCDD1nM4hr1_Subset
216,6.136,8.112,3.0,143,189,0,1,40,2.39034,2.5,0.4,TCDD1nM4hr1_Subset
217,8.84,7.488,3.0,144,188,0,1,29,5.49994,2.0,0.5,TCDD1nM4hr1_Subset
218,8.424,0.416,3.0,145,187,2,1,65,0.09734,1.0,1.0,TCDD1nM4hr1_Subset
219,8.216,0.416,3.0,146,187,0,1,65,0.09734,1.0,1.0,TCDD1nM4hr1_Subset
220,4.784,41.288,2.5,147,70,10,1,51,0.61651,2.0,0.5,TCDD1nM4hr1_Subset
221,9.464,33.488,2.5,148,186,0,1,22,10.12918,2.0,0.5,TCDD1nM4hr1_Subset
222,8.554,31.798,2.375,149,60,4,4,22,10.12918,3.5,0.2857142857142857,TCDD1nM4hr1_Subset
223,8.554,31.798,2.375,149,146,4,4,22,10.12918,3.5,0.2857142857142857,TCDD1nM4hr1_Subset
224,8.554,31.798,2.375,149,184,4,4,22,10.12918,3.5,0.2857142857142857,TCDD1nM4hr1_Subset
225,8.554,31.798,2.375,149,185,4,4,22,10.12918,3.5,0.2857142857142857,TCDD1nM4hr1_Subset
226,4.992,31.824,2.5,150,183,3,1,19,12.67635,2.0,0.5,TCDD1nM4hr1_Subset
227,4.8707,31.3907,2.3333,151,180,3,3,19,12.67635,3.0,0.3333333333333333,TCDD1nM4hr1_Subset
228,4.8707,31.3907,2.3333,151,182,3,3,19,12.67635,3.0,0.3333333333333333,TCDD1nM4hr1_Subset
229,4.8707,31.3907,2.3333,151,183,3,3,19,12.67635,2.0,0.5,TCDD1nM4hr1_Subset
230,4.368,30.992,2.5,152,145,3,3,19,12.67635,3.0,0.3333333333333333,TCDD1nM4hr1_Subset
231,4.368,30.992,2.5,152,180,3,3,19,12.67635,3.0,0.3333333333333333,TCDD1nM4hr1_Subset
232,4.368,30.992,2.5,152,181,3,3,19,12.67635,3.0,0.3333333333333333,TCDD1nM4hr1_Subset
233,4.992,30.472,2.5,153,138,15,1,53,1.9631,2.0,0.5,TCDD1nM4hr1_Subset
234,8.84,30.056,2.5,154,178,0,3,22,10.12918,3.0,0.3333333333333333,TCDD1nM4hr1_Subset
235,8.84,30.056,2.5,154,179,0,3,22,10.12918,3.0,0.3333333333333333,TCDD1nM4hr1_Subset
236,8.84,30.056,2.5,154,278,0,3,22,10.12918,3.0,0.3333333333333333,TCDD1nM4hr1_Subset
237,7.124,29.7267,2.25,155,141,0,3,52,0.63814,3.0,0.3333333333333333,TCDD1nM4hr1_Subset
238,7.124,29.7267,2.25,155,141,0,3,52,0.63814,3.0,0.3333333333333333,TCDD1nM4hr1_Subset
239,7.124,29.7267,2.25,155,177,0,3,52,0.63814,2.0,0.5,TCDD1nM4hr1_Subset
240,10.0187,28.1147,2.3333,156,53,10,3,42,0.86528,2.0,0.5,TCDD1nM4hr1_Subset
241,10.0187,28.1147,2.3333,156,136,10,3,42,0.86528,2.0,0.5,TCDD1nM4hr1_Subset
242,10.0187,28.1147,2.3333,156,176,10,3,42,0.86528,2.0,0.5,TCDD1nM4hr1_Subset
243,2.808,26.624,2.5,157,175,0,1,19,12.67635,2.5,0.4,TCDD1nM4hr1_Subset
244,2.912,26.2674,2.1429,158,41,2,3,19,12.67635,3.0,0.3333333333333333,TCDD1nM4hr1_Subset
245,2.912,26.2674,2.1429,158,44,2,3,19,12.67635,3.0,0.3333333333333333,TCDD1nM4hr1_Subset
246,2.912,26.2674,2.1429,158,174,2,3,19,12.67635,3.5,0.2857142857142857,TCDD1nM4hr1_Subset
247,8.424,24.128,2.5,159,124,2,1,68,0.09194,1.0,1.0,TCDD1nM4hr1_Subset
248,7.696,24.128,2.5,160,173,0,1,43,1.09782,2.0,0.5,TCDD1nM4hr1_Subset
249,1.456,24.024,2.5,161,172,3,1,54,0.4056,1.0,1.0,TCDD1nM4hr1_Subset
250,1.144,23.712,2.5,162,172,0,1,54,0.4056,1.0,1.0,TCDD1nM4hr1_Subset
251,3.432,23.504,2.5,163,129,15,1,19,12.67635,2.0,0.5,TCDD1nM4hr1_Subset
252,10.4,22.776,2.5,164,122,2,1,70,1.53046,2.0,0.5,TCDD1nM4hr1_Subset
253,4.68,22.672,2.5,165,125,19,1,69,0.68682,1.0,1.0,TCDD1nM4hr1_Subset
254,5.304,22.568,2.5,166,171,3,1,57,0.8112,2.0,0.5,TCDD1nM4hr1_Subset
255,5.2693,22.1867,2.3333,167,117,3,3,57,0.8112,3.0,0.3333333333333333,TCDD1nM4hr1_Subset
256,5.2693,22.1867,2.3333,167,170,3,3,57,0.8112,2.0,0.5,TCDD1nM4hr1_Subset
257,5.2693,22.1867,2.3333,167,171,3,3,57,0.8112,2.0,0.5,TCDD1nM4hr1_Subset
258,2.6,21.944,2.5,168,273,21,1,58,1.11405,1.0,1.0,TCDD1nM4hr1_Subset
259,8.944,21.84,2.5,169,37,11,1,72,0.37856,1.0,1.0,TCDD1nM4hr1_Subset
260,7.904,20.592,2.5,170,169,2,1,74,0.70304,2.0,0.5,TCDD1nM4hr1_Subset
261,8.112,20.488,2.5,171,114,6,3,74,0.70304,2.0,0.5,TCDD1nM4hr1_Subset
262,8.112,20.488,2.5,171,167,6,3,74,0.70304,2.0,0.5,TCDD1nM4hr1_Subset
263,8.112,20.488,2.5,171,169,6,3,74,0.70304,2.0,0.5,TCDD1nM4hr1_Subset
264,5.2,19.864,2.5,172,112,5,3,38,4.74822,2.0,0.5,TCDD1nM4hr1_Subset
265,5.2,19.864,2.5,172,166,5,3,38,4.74822,3.0,0.3333333333333333,TCDD1nM4hr1_Subset
266,5.2,19.864,2.5,172,168,5,3,38,4.74822,2.0,0.5,TCDD1nM4hr1_Subset
267,8.424,19.448,2.5,173,167,0,1,74,0.70304,2.0,0.5,TCDD1nM4hr1_Subset
268,4.784,19.448,2.5,174,109,5,3,38,4.74822,3.0,0.3333333333333333,TCDD1nM4hr1_Subset
269,4.784,19.448,2.5,174,111,5,3,38,4.74822,2.0,0.5,TCDD1nM4hr1_Subset
270,4.784,19.448,2.5,174,166,5,3,38,4.74822,3.0,0.3333333333333333,TCDD1nM4hr1_Subset
271,8.424,18.824,2.5,175,101,13,1,59,0.52998,1.0,1.0,TCDD1nM4hr1_Subset
272,7.488,18.824,2.5,176,27,11,1,76,0.50835,1.0,1.0,TCDD1nM4hr1_Subset
273,4.7667,18.772,2.0,177,106,9,3,38,4.74822,3.0,0.3333333333333333,TCDD1nM4hr1_Subset
274,4.7667,18.772,2.0,177,109,9,3,38,4.74822,3.0,0.3333333333333333,TCDD1nM4hr1_Subset
275,4.7667,18.772,2.0,177,165,9,3,38,4.74822,3.0,0.3333333333333333,TCDD1nM4hr1_Subset
276,4.576,17.68,2.5,178,100,5,3,38,4.74822,3.0,0.3333333333333333,TCDD1nM4hr1_Subset
277,4.576,17.68,2.5,178,107,5,3,38,4.74822,3.0,0.3333333333333333,TCDD1nM4hr1_Subset
278,4.576,17.68,2.5,178,165,5,3,38,4.74822,3.0,0.3333333333333333,TCDD1nM4hr1_Subset
279,8.944,16.64,2.5,179,103,9,1,60,0.94099,2.0,0.5,TCDD1nM4hr1_Subset
280,8.736,16.432,2.5,180,97,7,1,78,0.14602,1.0,1.0,TCDD1nM4hr1_Subset
281,9.568,16.224,2.5,181,102,14,1,60,0.94099,2.0,0.5,TCDD1nM4hr1_Subset
282,9.048,12.896,2.5,182,0,3,1,95,0.2055,1.0,1.0,TCDD1nM4hr1_Subset
283,12.584,12.792,2.5,183,91,2,1,79,0.22714,1.0,1.0,TCDD1nM4hr1_Subset
284,4.992,12.064,2.5,184,164,0,1,48,1.29251,2.0,0.5,TCDD1nM4hr1_Subset
285,10.192,11.96,2.5,185,85,6,1,61,2.15779,2.0,0.5,TCDD1nM4hr1_Subset
286,9.464,10.92,2.5,186,86,5,1,61,2.15779,2.0,0.5,TCDD1nM4hr1_Subset
287,9.048,9.984,2.5,187,83,2,1,80,0.21091,1.0,1.0,TCDD1nM4hr1_Subset
288,9.88,9.464,2.5,188,163,3,1,63,1.6873,2.5,0.4,TCDD1nM4hr1_Subset
289,10.296,9.256,2.1,189,5,13,4,63,1.6873,2.5,0.4,TCDD1nM4hr1_Subset
290,10.296,9.256,2.1,189,8,13,4,63,1.6873,2.5,0.4,TCDD1nM4hr1_Subset
291,10.296,9.256,2.1,189,81,13,4,63,1.6873,2.5,0.4,TCDD1nM4hr1_Subset
292,10.296,9.256,2.1,189,163,13,4,63,1.6873,2.5,0.4,TCDD1nM4hr1_Subset
293,11.232,8.424,2.5,190,81,10,1,63,1.6873,2.5,0.4,TCDD1nM4hr1_Subset
294,7.28,8.216,2.5,191,75,15,3,29,5.49994,2.0,0.5,TCDD1nM4hr1_Subset
295,7.28,8.216,2.5,191,78,15,3,29,5.49994,3.0,0.3333333333333333,TCDD1nM4hr1_Subset
296,7.28,8.216,2.5,191,157,15,3,29,5.49994,3.0,0.3333333333333333,TCDD1nM4hr1_Subset
297,5.616,7.904,2.5,192,156,0,1,40,2.39034,2.5,0.4,TCDD1nM4hr1_Subset
298,4.784,7.696,2.5,193,80,9,1,40,2.39034,2.5,0.4,TCDD1nM4hr1_Subset
299,7.904,7.488,2.5,194,76,2,1,81,0.18928,1.0,1.0,TCDD1nM4hr1_Subset
300,9.36,6.968,2.5,195,155,14,1,64,0.84365,1.0,1.0,TCDD1nM4hr1_Subset
301,8.528,6.968,2.5,196,155,0,1,64,0.84365,1.0,1.0,TCDD1nM4hr1_Subset
302,7.8,6.656,2.5,197,73,3,1,82,1.13027,2.0,0.5,TCDD1nM4hr1_Subset
303,7.9931,5.6309,1.9286,198,71,0,3,82,1.13027,2.0,0.5,TCDD1nM4hr1_Subset
304,7.9931,5.6309,1.9286,198,72,0,3,82,1.13027,3.0,0.3333333333333333,TCDD1nM4hr1_Subset
305,7.9931,5.6309,1.9286,198,74,0,3,82,1.13027,3.0,0.3333333333333333,TCDD1nM4hr1_Subset
306,6.136,39.0,2.0,199,154,2,1,66,1.4169,2.0,0.5,TCDD1nM4hr1_Subset
307,6.032,38.792,2.0,200,67,3,3,66,1.4169,3.0,0.3333333333333333,TCDD1nM4hr1_Subset
308,6.032,38.792,2.0,200,153,3,3,66,1.4169,3.0,0.3333333333333333,TCDD1nM4hr1_Subset
309,6.032,38.792,2.0,200,154,3,3,66,1.4169,2.0,0.5,TCDD1nM4hr1_Subset
310,6.3093,37.5787,1.8333,201,64,0,3,66,1.4169,2.0,0.5,TCDD1nM4hr1_Subset
311,6.3093,37.5787,1.8333,201,152,0,3,66,1.4169,2.0,0.5,TCDD1nM4hr1_Subset
312,6.3093,37.5787,1.8333,201,153,0,3,66,1.4169,3.0,0.3333333333333333,TCDD1nM4hr1_Subset
313,5.72,37.44,2.0,202,152,0,1,66,1.4169,2.0,0.5,TCDD1nM4hr1_Subset
314,7.592,36.92,2.0,203,151,2,1,67,0.31907,1.0,1.0,TCDD1nM4hr1_Subset
315,7.8,36.816,2.0,204,151,0,1,67,0.31907,1.0,1.0,TCDD1nM4hr1_Subset
316,7.072,36.712,2.0,205,64,10,1,66,1.4169,2.0,0.5,TCDD1nM4hr1_Subset
317,4.68,36.712,2.0,206,63,7,1,83,0.28122,1.0,1.0,TCDD1nM4hr1_Subset
318,5.824,36.608,2.0,207,149,26,1,41,2.1632,2.0,0.5,TCDD1nM4hr1_Subset
319,4.368,34.112,2.0,208,148,4,3,41,2.1632,2.0,0.5,TCDD1nM4hr1_Subset
320,4.368,34.112,2.0,208,149,4,3,41,2.1632,2.0,0.5,TCDD1nM4hr1_Subset
321,4.368,34.112,2.0,208,150,4,3,41,2.1632,2.0,0.5,TCDD1nM4hr1_Subset
322,4.056,33.696,2.0,209,148,0,1,41,2.1632,2.0,0.5,TCDD1nM4hr1_Subset
323,7.696,31.72,2.0,210,59,4,1,22,10.12918,2.0,0.5,TCDD1nM4hr1_Subset
324,4.1253,31.3733,2.0,211,58,4,3,19,12.67635,2.0,0.5,TCDD1nM4hr1_Subset
325,4.1253,31.3733,2.0,211,145,4,3,19,12.67635,3.0,0.3333333333333333,TCDD1nM4hr1_Subset
326,4.1253,31.3733,2.0,211,147,4,3,19,12.67635,3.0,0.3333333333333333,TCDD1nM4hr1_Subset
327,8.9787,31.2693,2.0,212,55,3,3,22,10.12918,3.0,0.3333333333333333,TCDD1nM4hr1_Subset
328,8.9787,31.2693,2.0,212,143,3,3,22,10.12918,3.0,0.3333333333333333,TCDD1nM4hr1_Subset
329,8.9787,31.2693,2.0,212,146,3,3,22,10.12918,3.5,0.2857142857142857,TCDD1nM4hr1_Subset
330,9.048,30.888,2.0,213,57,2,3,22,10.12918,3.0,0.3333333333333333,TCDD1nM4hr1_Subset
331,9.048,30.888,2.0,213,143,2,3,22,10.12918,3.0,0.3333333333333333,TCDD1nM4hr1_Subset
332,9.048,30.888,2.0,213,144,2,3,22,10.12918,3.0,0.3333333333333333,TCDD1nM4hr1_Subset
333,9.776,30.368,2.0,214,56,7,1,22,10.12918,2.0,0.5,TCDD1nM4hr1_Subset
334,7.8,30.264,2.0,215,142,0,1,22,10.12918,2.0,0.5,TCDD1nM4hr1_Subset
335,10.504,30.056,2.0,216,54,7,1,84,0.23795,1.0,1.0,TCDD1nM4hr1_Subset
336,3.8688,29.4736,1.9,217,139,5,1,19,12.67635,2.0,0.5,TCDD1nM4hr1_Subset
337,3.432,29.016,2.0,218,50,14,3,19,12.67635,3.0,0.3333333333333333,TCDD1nM4hr1_Subset
338,3.432,29.016,2.0,218,139,14,3,19,12.67635,2.0,0.5,TCDD1nM4hr1_Subset
339,3.432,29.016,2.0,218,140,14,3,19,12.67635,3.5,0.2857142857142857,TCDD1nM4hr1_Subset
340,4.472,28.912,2.0,219,133,11,3,53,1.9631,3.0,0.3333333333333333,TCDD1nM4hr1_Subset
341,4.472,28.912,2.0,219,137,11,3,53,1.9631,2.0,0.5,TCDD1nM4hr1_Subset
342,4.472,28.912,2.0,219,138,11,3,53,1.9631,2.0,0.5,TCDD1nM4hr1_Subset
343,4.68,28.704,2.0,220,137,0,1,53,1.9631,2.0,0.5,TCDD1nM4hr1_Subset
344,8.736,28.184,2.0,221,49,7,1,85,0.28662,1.0,1.0,TCDD1nM4hr1_Subset
345,4.888,28.08,2.0,222,52,3,3,53,1.9631,2.0,0.5,TCDD1nM4hr1_Subset
346,4.888,28.08,2.0,222,134,3,3,53,1.9631,3.0,0.3333333333333333,TCDD1nM4hr1_Subset
347,4.888,28.08,2.0,222,135,3,3,53,1.9631,2.0,0.5,TCDD1nM4hr1_Subset
348,9.776,27.976,2.0,223,136,0,1,42,0.86528,2.0,0.5,TCDD1nM4hr1_Subset
349,5.408,27.872,2.0,224,135,0,1,53,1.9631,2.0,0.5,TCDD1nM4hr1_Subset
350,4.264,27.872,2.0,225,132,13,3,53,1.9631,2.0,0.5,TCDD1nM4hr1_Subset
351,4.264,27.872,2.0,225,133,13,3,53,1.9631,3.0,0.3333333333333333,TCDD1nM4hr1_Subset
352,4.264,27.872,2.0,225,134,13,3,53,1.9631,3.0,0.3333333333333333,TCDD1nM4hr1_Subset
353,4.784,26.624,2.0,226,132,0,1,53,1.9631,2.0,0.5,TCDD1nM4hr1_Subset
354,3.5707,25.8613,1.8333,227,39,0,3,19,12.67635,3.0,0.3333333333333333,TCDD1nM4hr1_Subset
355,3.5707,25.8613,1.8333,227,128,0,3,19,12.67635,3.0,0.3333333333333333,TCDD1nM4hr1_Subset
356,3.5707,25.8613,1.8333,227,277,0,3,19,12.67635,4.0,0.25,TCDD1nM4hr1_Subset
357,4.9771,25.5394,1.9286,228,51,22,5,0,0.0,3.0,0.3333333333333333,TCDD1nM4hr1_Subset
358,4.9771,25.5394,1.9286,228,126,22,5,0,0.0,3.0,0.3333333333333333,TCDD1nM4hr1_Subset
359,4.9771,25.5394,1.9286,228,130,22,5,0,0.0,5.0,0.2,TCDD1nM4hr1_Subset
360,4.9771,25.5394,1.9286,228,130,22,5,0,0.0,5.0,0.2,TCDD1nM4hr1_Subset
361,4.9771,25.5394,1.9286,228,277,22,5,0,0.0,4.0,0.25,TCDD1nM4hr1_Subset
362,2.808,25.688,2.0,229,131,0,1,19,12.67635,2.5,0.4,TCDD1nM4hr1_Subset
363,3.536,24.96,2.0,230,127,3,3,19,12.67635,2.0,0.5,TCDD1nM4hr1_Subset
364,3.536,24.96,2.0,230,128,3,3,19,12.67635,3.0,0.3333333333333333,TCDD1nM4hr1_Subset
365,3.536,24.96,2.0,230,129,3,3,19,12.67635,2.0,0.5,TCDD1nM4hr1_Subset
366,3.848,24.856,2.0,231,127,0,1,19,12.67635,2.0,0.5,TCDD1nM4hr1_Subset
367,5.096,24.752,2.0,232,126,0,1,19,12.67635,3.0,0.3333333333333333,TCDD1nM4hr1_Subset
368,5.096,24.544,2.0,233,125,0,1,69,0.68682,1.0,1.0,TCDD1nM4hr1_Subset
369,8.632,24.336,2.0,234,124,0,1,68,0.09194,1.0,1.0,TCDD1nM4hr1_Subset
370,2.704,24.232,2.0,235,273,0,1,58,1.11405,1.0,1.0,TCDD1nM4hr1_Subset
371,10.608,23.4,2.0,236,123,3,1,70,1.53046,2.0,0.5,TCDD1nM4hr1_Subset
372,10.6773,23.0187,2.0,237,118,11,3,70,1.53046,3.0,0.3333333333333333,TCDD1nM4hr1_Subset
373,10.6773,23.0187,2.0,237,122,11,3,70,1.53046,2.0,0.5,TCDD1nM4hr1_Subset
374,10.6773,23.0187,2.0,237,123,11,3,70,1.53046,2.0,0.5,TCDD1nM4hr1_Subset
375,3.848,22.776,2.0,238,121,3,1,86,1.40608,2.0,0.5,TCDD1nM4hr1_Subset
376,9.88,22.568,2.0,239,120,5,1,71,0.23254,1.0,1.0,TCDD1nM4hr1_Subset
377,3.744,22.464,2.0,240,119,5,3,86,1.40608,2.0,0.5,TCDD1nM4hr1_Subset
378,3.744,22.464,2.0,240,121,5,3,86,1.40608,2.0,0.5,TCDD1nM4hr1_Subset
379,3.744,22.464,2.0,240,272,5,3,86,1.40608,3.0,0.3333333333333333,TCDD1nM4hr1_Subset
380,9.672,22.048,2.0,241,120,0,1,71,0.23254,1.0,1.0,TCDD1nM4hr1_Subset
381,3.952,21.944,2.0,242,119,0,1,86,1.40608,2.0,0.5,TCDD1nM4hr1_Subset
382,11.232,21.84,2.0,243,115,5,3,70,1.53046,3.0,0.3333333333333333,TCDD1nM4hr1_Subset
383,11.232,21.84,2.0,243,116,5,3,70,1.53046,3.0,0.3333333333333333,TCDD1nM4hr1_Subset
384,11.232,21.84,2.0,243,118,5,3,70,1.53046,3.0,0.3333333333333333,TCDD1nM4hr1_Subset
385,5.616,21.84,2.0,244,35,4,3,57,0.8112,2.0,0.5,TCDD1nM4hr1_Subset
386,5.616,21.84,2.0,244,36,4,3,57,0.8112,2.0,0.5,TCDD1nM4hr1_Subset
387,5.616,21.84,2.0,244,117,4,3,57,0.8112,3.0,0.3333333333333333,TCDD1nM4hr1_Subset
388,11.3013,21.32,2.0,245,33,15,3,70,1.53046,2.0,0.5,TCDD1nM4hr1_Subset
389,11.3013,21.32,2.0,245,115,15,3,70,1.53046,3.0,0.3333333333333333,TCDD1nM4hr1_Subset
390,11.3013,21.32,2.0,245,116,15,3,70,1.53046,3.0,0.3333333333333333,TCDD1nM4hr1_Subset
391,4.368,21.216,2.0,246,113,6,1,73,0.24877,1.0,1.0,TCDD1nM4hr1_Subset
392,3.744,21.112,2.0,247,34,6,1,87,0.18387,1.0,1.0,TCDD1nM4hr1_Subset
393,8.736,21.008,2.0,248,114,0,1,74,0.70304,2.0,0.5,TCDD1nM4hr1_Subset
394,4.264,20.592,2.0,249,113,0,1,73,0.24877,1.0,1.0,TCDD1nM4hr1_Subset
395,5.096,20.384,2.0,250,112,0,1,38,4.74822,2.0,0.5,TCDD1nM4hr1_Subset
396,4.368,20.072,2.0,251,111,0,1,38,4.74822,2.0,0.5,TCDD1nM4hr1_Subset
397,9.36,19.448,2.0,252,110,2,1,75,0.24877,1.0,1.0,TCDD1nM4hr1_Subset
398,9.152,19.448,2.0,253,110,0,1,75,0.24877,1.0,1.0,TCDD1nM4hr1_Subset
399,6.24,18.4912,1.9,254,29,5,4,88,0.52458,2.5,0.4,TCDD1nM4hr1_Subset
400,6.24,18.4912,1.9,254,31,5,4,88,0.52458,2.5,0.4,TCDD1nM4hr1_Subset
401,6.24,18.4912,1.9,254,108,5,4,88,0.52458,2.5,0.4,TCDD1nM4hr1_Subset
402,6.24,18.4912,1.9,254,276,5,4,88,0.52458,2.5,0.4,TCDD1nM4hr1_Subset
403,5.616,18.616,2.0,255,276,6,1,88,0.52458,2.5,0.4,TCDD1nM4hr1_Subset
404,6.552,18.512,2.0,256,108,2,1,88,0.52458,2.5,0.4,TCDD1nM4hr1_Subset
405,12.792,18.096,2.0,257,26,6,1,89,0.18928,1.0,1.0,TCDD1nM4hr1_Subset
406,4.68,17.888,2.0,258,104,8,3,38,4.74822,2.0,0.5,TCDD1nM4hr1_Subset
407,4.68,17.888,2.0,258,106,8,3,38,4.74822,3.0,0.3333333333333333,TCDD1nM4hr1_Subset
408,4.68,17.888,2.0,258,107,8,3,38,4.74822,3.0,0.3333333333333333,TCDD1nM4hr1_Subset
409,1.976,17.888,2.0,259,105,0,1,46,0.9464,1.0,1.0,TCDD1nM4hr1_Subset
410,3.848,17.784,2.0,260,104,0,1,38,4.74822,2.0,0.5,TCDD1nM4hr1_Subset
411,5.512,17.68,2.0,261,99,10,1,38,4.74822,2.5,0.4,TCDD1nM4hr1_Subset
412,9.152,17.576,2.0,262,30,7,3,60,0.94099,2.0,0.5,TCDD1nM4hr1_Subset
413,9.152,17.576,2.0,262,102,7,3,60,0.94099,2.0,0.5,TCDD1nM4hr1_Subset
414,9.152,17.576,2.0,262,103,7,3,60,0.94099,2.0,0.5,TCDD1nM4hr1_Subset
415,8.32,17.472,2.0,263,101,0,1,59,0.52998,1.0,1.0,TCDD1nM4hr1_Subset
416,4.888,17.16,2.0,264,22,2,3,38,4.74822,2.0,0.5,TCDD1nM4hr1_Subset
417,4.888,17.16,2.0,264,98,2,3,38,4.74822,3.5,0.2857142857142857,TCDD1nM4hr1_Subset
418,4.888,17.16,2.0,264,100,2,3,38,4.74822,3.0,0.3333333333333333,TCDD1nM4hr1_Subset
419,6.552,16.744,2.0,265,96,11,1,91,0.42723,1.0,1.0,TCDD1nM4hr1_Subset
420,2.288,16.744,2.0,266,94,14,1,77,0.58406,1.0,1.0,TCDD1nM4hr1_Subset
421,5.3733,16.484,1.9167,267,20,0,4,38,4.74822,2.5,0.4,TCDD1nM4hr1_Subset
422,5.3733,16.484,1.9167,267,95,0,4,38,4.74822,3.5,0.2857142857142857,TCDD1nM4hr1_Subset
423,5.3733,16.484,1.9167,267,98,0,4,38,4.74822,3.5,0.2857142857142857,TCDD1nM4hr1_Subset
424,5.3733,16.484,1.9167,267,99,0,4,38,4.74822,2.5,0.4,TCDD1nM4hr1_Subset
425,5.096,16.016,2.0,268,20,3,1,38,4.74822,2.5,0.4,TCDD1nM4hr1_Subset
426,8.008,15.912,2.0,269,271,19,1,90,0.68682,1.0,1.0,TCDD1nM4hr1_Subset
427,3.536,15.912,2.0,270,18,4,1,92,0.10816,1.0,1.0,TCDD1nM4hr1_Subset
428,8.736,15.704,2.0,271,97,0,1,78,0.14602,1.0,1.0,TCDD1nM4hr1_Subset
429,6.656,15.6,2.0,272,96,0,1,91,0.42723,1.0,1.0,TCDD1nM4hr1_Subset
430,5.616,15.392,2.0,273,14,21,3,38,4.74822,2.0,0.5,TCDD1nM4hr1_Subset
431,5.616,15.392,2.0,273,17,21,3,38,4.74822,2.0,0.5,TCDD1nM4hr1_Subset
432,5.616,15.392,2.0,273,95,21,3,38,4.74822,3.5,0.2857142857142857,TCDD1nM4hr1_Subset
433,10.088,15.288,2.0,274,275,45,1,61,2.15779,2.0,0.5,TCDD1nM4hr1_Subset
434,2.184,15.288,2.0,275,94,0,1,77,0.58406,1.0,1.0,TCDD1nM4hr1_Subset
435,7.176,13.832,2.0,276,16,12,1,93,0.51917,1.0,1.0,TCDD1nM4hr1_Subset
436,4.68,13.728,2.0,277,93,2,1,94,0.09194,1.0,1.0,TCDD1nM4hr1_Subset
437,4.68,13.52,2.0,278,93,0,1,94,0.09194,1.0,1.0,TCDD1nM4hr1_Subset
438,4.264,13.416,2.0,279,92,0,1,48,1.29251,2.0,0.5,TCDD1nM4hr1_Subset
439,12.584,13.0,2.0,280,91,0,1,79,0.22714,1.0,1.0,TCDD1nM4hr1_Subset
440,5.512,12.792,2.0,281,90,0,1,18,1.72515,2.0,0.5,TCDD1nM4hr1_Subset
441,10.608,12.48,2.0,282,89,4,1,96,0.59488,2.0,0.5,TCDD1nM4hr1_Subset
442,6.7253,12.0987,2.0,283,12,6,3,62,1.47638,2.0,0.5,TCDD1nM4hr1_Subset
443,6.7253,12.0987,2.0,283,88,6,3,62,1.47638,3.0,0.3333333333333333,TCDD1nM4hr1_Subset
444,6.7253,12.0987,2.0,283,270,6,3,62,1.47638,3.0,0.3333333333333333,TCDD1nM4hr1_Subset
445,10.8576,11.9392,1.8,284,9,0,3,96,0.59488,2.0,0.5,TCDD1nM4hr1_Subset
446,10.8576,11.9392,1.8,284,10,0,3,96,0.59488,2.0,0.5,TCDD1nM4hr1_Subset
447,10.8576,11.9392,1.8,284,89,0,3,96,0.59488,2.0,0.5,TCDD1nM4hr1_Subset
448,7.072,11.96,2.0,285,11,13,3,62,1.47638,2.0,0.5,TCDD1nM4hr1_Subset
449,7.072,11.96,2.0,285,88,13,3,62,1.47638,3.0,0.3333333333333333,TCDD1nM4hr1_Subset
450,7.072,11.96,2.0,285,270,13,3,62,1.47638,3.0,0.3333333333333333,TCDD1nM4hr1_Subset
451,4.576,11.752,2.0,286,87,0,1,48,1.29251,2.0,0.5,TCDD1nM4hr1_Subset
452,11.128,11.648,2.0,287,10,2,1,96,0.59488,2.0,0.5,TCDD1nM4hr1_Subset
453,9.776,11.44,2.0,288,85,0,3,61,2.15779,2.0,0.5,TCDD1nM4hr1_Subset
454,9.776,11.44,2.0,288,86,0,3,61,2.15779,2.0,0.5,TCDD1nM4hr1_Subset
455,9.776,11.44,2.0,288,275,0,3,61,2.15779,2.0,0.5,TCDD1nM4hr1_Subset
456,7.072,11.024,2.0,289,84,0,1,18,1.72515,2.0,0.5,TCDD1nM4hr1_Subset
457,9.152,10.192,2.0,290,83,0,1,80,0.21091,1.0,1.0,TCDD1nM4hr1_Subset
458,7.6267,10.0533,2.0,291,6,2,3,34,1.31955,2.0,0.5,TCDD1nM4hr1_Subset
459,7.6267,10.0533,2.0,291,7,2,3,34,1.31955,2.0,0.5,TCDD1nM4hr1_Subset
460,7.6267,10.0533,2.0,291,274,2,3,34,1.31955,2.0,0.5,TCDD1nM4hr1_Subset
461,5.616,9.88,2.0,292,82,0,1,40,2.39034,2.0,0.5,TCDD1nM4hr1_Subset
462,7.8693,7.9733,2.0,293,4,2,3,29,5.49994,2.0,0.5,TCDD1nM4hr1_Subset
463,7.8693,7.9733,2.0,293,78,2,3,29,5.49994,3.0,0.3333333333333333,TCDD1nM4hr1_Subset
464,7.8693,7.9733,2.0,293,79,2,3,29,5.49994,3.0,0.3333333333333333,TCDD1nM4hr1_Subset
465,5.824,7.696,2.0,294,77,2,1,97,0.10816,1.0,1.0,TCDD1nM4hr1_Subset
466,5.824,7.488,2.0,295,77,0,1,97,0.10816,1.0,1.0,TCDD1nM4hr1_Subset
467,7.904,7.28,2.0,296,76,0,1,81,0.18928,1.0,1.0,TCDD1nM4hr1_Subset
468,7.176,6.76,2.0,297,75,0,1,29,5.49994,2.0,0.5,TCDD1nM4hr1_Subset
469,7.696,6.344,2.0,298,72,10,3,82,1.13027,3.0,0.3333333333333333,TCDD1nM4hr1_Subset
470,7.696,6.344,2.0,298,73,10,3,82,1.13027,2.0,0.5,TCDD1nM4hr1_Subset
471,7.696,6.344,2.0,298,74,10,3,82,1.13027,3.0,0.3333333333333333,TCDD1nM4hr1_Subset
472,8.84,5.512,2.0,299,71,6,1,82,1.13027,2.0,0.5,TCDD1nM4hr1_Subset
473,7.176,5.408,2.0,300,3,13,1,98,0.51917,1.0,1.0,TCDD1nM4hr1_Subset
474,5.4427,40.2827,1.5,301,68,10,3,51,0.61651,2.0,0.5,TCDD1nM4hr1_Subset
475,5.4427,40.2827,1.5,301,69,10,3,51,0.61651,2.0,0.5,TCDD1nM4hr1_Subset
476,5.4427,40.2827,1.5,301,70,10,3,51,0.61651,2.0,0.5,TCDD1nM4hr1_Subset
477,5.2,39.624,1.5,302,69,0,1,51,0.61651,2.0,0.5,TCDD1nM4hr1_Subset
478,6.136,39.52,1.5,303,68,0,1,51,0.61651,2.0,0.5,TCDD1nM4hr1_Subset
479,5.824,39.312,1.5,304,66,6,1,66,1.4169,2.0,0.5,TCDD1nM4hr1_Subset
480,5.72,38.688,1.5,305,65,4,3,66,1.4169,2.0,0.5,TCDD1nM4hr1_Subset
481,5.72,38.688,1.5,305,66,4,3,66,1.4169,2.0,0.5,TCDD1nM4hr1_Subset
482,5.72,38.688,1.5,305,67,4,3,66,1.4169,3.0,0.3333333333333333,TCDD1nM4hr1_Subset
483,5.512,38.272,1.5,306,65,0,1,66,1.4169,2.0,0.5,TCDD1nM4hr1_Subset
484,5.408,37.024,1.5,307,63,0,1,83,0.28122,1.0,1.0,TCDD1nM4hr1_Subset
485,3.744,33.072,1.5,308,62,0,1,19,12.67635,2.0,0.5,TCDD1nM4hr1_Subset
486,8.0427,32.1707,1.5,309,59,0,3,22,10.12918,2.0,0.5,TCDD1nM4hr1_Subset
487,8.0427,32.1707,1.5,309,60,0,3,22,10.12918,3.5,0.2857142857142857,TCDD1nM4hr1_Subset
488,8.0427,32.1707,1.5,309,61,0,3,22,10.12918,3.5,0.2857142857142857,TCDD1nM4hr1_Subset
489,4.472,31.824,1.5,310,58,0,1,19,12.67635,2.0,0.5,TCDD1nM4hr1_Subset
490,9.256,31.096,1.5,311,55,0,3,22,10.12918,3.0,0.3333333333333333,TCDD1nM4hr1_Subset
491,9.256,31.096,1.5,311,56,0,3,22,10.12918,2.0,0.5,TCDD1nM4hr1_Subset
492,9.256,31.096,1.5,311,57,0,3,22,10.12918,3.0,0.3333333333333333,TCDD1nM4hr1_Subset
493,9.984,29.64,1.5,312,54,0,1,84,0.23795,1.0,1.0,TCDD1nM4hr1_Subset
494,9.672,29.224,1.5,313,53,0,1,42,0.86528,2.0,0.5,TCDD1nM4hr1_Subset
495,4.68,28.392,1.5,314,52,0,1,53,1.9631,2.0,0.5,TCDD1nM4hr1_Subset
496,6.344,27.872,1.5,315,51,0,1,19,12.67635,3.0,0.3333333333333333,TCDD1nM4hr1_Subset
497,3.536,27.56,1.5,316,45,8,3,19,12.67635,3.0,0.3333333333333333,TCDD1nM4hr1_Subset
498,3.536,27.56,1.5,316,46,8,3,19,12.67635,3.0,0.3333333333333333,TCDD1nM4hr1_Subset
499,3.536,27.56,1.5,316,50,8,3,19,12.67635,3.0,0.3333333333333333,TCDD1nM4hr1_Subset
500,9.256,27.456,1.5,317,49,0,1,85,0.28662,1.0,1.0,TCDD1nM4hr1_Subset
501,1.976,27.144,1.5,318,48,0,1,19,12.67635,2.5,0.4,TCDD1nM4hr1_Subset
502,7.696,27.04,1.5,319,47,3,1,99,0.04867,1.0,1.0,TCDD1nM4hr1_Subset
503,7.592,26.728,1.5,320,47,0,1,99,0.04867,1.0,1.0,TCDD1nM4hr1_Subset
504,3.64,26.728,1.5,321,43,3,3,19,12.67635,3.0,0.3333333333333333,TCDD1nM4hr1_Subset
505,3.64,26.728,1.5,321,45,3,3,19,12.67635,3.0,0.3333333333333333,TCDD1nM4hr1_Subset
506,3.64,26.728,1.5,321,46,3,3,19,12.67635,3.0,0.3333333333333333,TCDD1nM4hr1_Subset
507,7.072,26.624,1.5,322,42,10,1,100,0.12979,1.0,1.0,TCDD1nM4hr1_Subset
508,3.328,26.416,1.5,323,40,3,3,19,12.67635,3.0,0.3333333333333333,TCDD1nM4hr1_Subset
509,3.328,26.416,1.5,323,43,3,3,19,12.67635,3.0,0.3333333333333333,TCDD1nM4hr1_Subset
510,3.328,26.416,1.5,323,44,3,3,19,12.67635,3.0,0.3333333333333333,TCDD1nM4hr1_Subset
511,6.344,26.104,1.5,324,42,0,1,100,0.12979,1.0,1.0,TCDD1nM4hr1_Subset
512,3.328,26.104,1.5,325,39,2,3,19,12.67635,3.0,0.3333333333333333,TCDD1nM4hr1_Subset
513,3.328,26.104,1.5,325,40,2,3,19,12.67635,3.0,0.3333333333333333,TCDD1nM4hr1_Subset
514,3.328,26.104,1.5,325,41,2,3,19,12.67635,3.0,0.3333333333333333,TCDD1nM4hr1_Subset
515,11.336,25.168,1.5,326,38,3,1,101,0.04326,1.0,1.0,TCDD1nM4hr1_Subset
516,11.232,24.856,1.5,327,38,0,1,101,0.04326,1.0,1.0,TCDD1nM4hr1_Subset
517,9.36,22.984,1.5,328,37,0,1,72,0.37856,1.0,1.0,TCDD1nM4hr1_Subset
518,6.032,22.256,1.5,329,36,0,1,57,0.8112,2.0,0.5,TCDD1nM4hr1_Subset
519,5.824,21.424,1.5,330,35,0,1,57,0.8112,2.0,0.5,TCDD1nM4hr1_Subset
520,3.64,20.488,1.5,331,34,0,1,87,0.18387,1.0,1.0,TCDD1nM4hr1_Subset
521,10.92,19.656,1.5,332,33,0,1,70,1.53046,2.0,0.5,TCDD1nM4hr1_Subset
522,3.536,19.344,1.5,333,32,3,1,86,1.40608,2.0,0.5,TCDD1nM4hr1_Subset
523,3.1547,19.2053,1.5,334,28,12,3,86,1.40608,2.0,0.5,TCDD1nM4hr1_Subset
524,3.1547,19.2053,1.5,334,32,12,3,86,1.40608,2.0,0.5,TCDD1nM4hr1_Subset
525,3.1547,19.2053,1.5,334,272,12,3,86,1.40608,3.0,0.3333333333333333,TCDD1nM4hr1_Subset
526,5.824,19.032,1.5,335,31,0,1,88,0.52458,2.5,0.4,TCDD1nM4hr1_Subset
527,9.152,18.304,1.5,336,30,0,1,60,0.94099,2.0,0.5,TCDD1nM4hr1_Subset
528,6.344,17.888,1.5,337,29,0,1,88,0.52458,2.5,0.4,TCDD1nM4hr1_Subset
529,3.224,17.888,1.5,338,28,0,1,86,1.40608,2.0,0.5,TCDD1nM4hr1_Subset
530,6.76,17.68,1.5,339,27,0,1,76,0.50835,1.0,1.0,TCDD1nM4hr1_Subset
531,7.696,17.576,1.5,340,271,0,1,90,0.68682,1.0,1.0,TCDD1nM4hr1_Subset
532,3.328,17.576,1.5,341,25,3,1,30,3.75856,2.0,0.5,TCDD1nM4hr1_Subset
533,12.792,17.472,1.5,342,26,0,1,89,0.18928,1.0,1.0,TCDD1nM4hr1_Subset
534,3.328,17.264,1.5,343,23,2,3,30,3.75856,3.5,0.2857142857142857,TCDD1nM4hr1_Subset
535,3.328,17.264,1.5,343,24,2,3,30,3.75856,3.5,0.2857142857142857,TCDD1nM4hr1_Subset
536,3.328,17.264,1.5,343,25,2,3,30,3.75856,2.0,0.5,TCDD1nM4hr1_Subset
537,3.276,17.004,1.5,344,19,6,4,30,3.75856,2.5,0.4,TCDD1nM4hr1_Subset
538,3.276,17.004,1.5,344,21,6,4,30,3.75856,3.5,0.2857142857142857,TCDD1nM4hr1_Subset
539,3.276,17.004,1.5,344,23,6,4,30,3.75856,3.5,0.2857142857142857,TCDD1nM4hr1_Subset
540,3.276,17.004,1.5,344,24,6,4,30,3.75856,3.5,0.2857142857142857,TCDD1nM4hr1_Subset
541,4.68,16.952,1.5,345,22,0,1,38,4.74822,2.0,0.5,TCDD1nM4hr1_Subset
542,3.432,16.328,1.5,346,19,0,1,30,3.75856,2.5,0.4,TCDD1nM4hr1_Subset
543,10.92,15.808,1.5,347,13,29,1,102,0.43805,1.0,1.0,TCDD1nM4hr1_Subset
544,3.64,15.496,1.5,348,18,0,1,92,0.10816,1.0,1.0,TCDD1nM4hr1_Subset
545,6.344,14.664,1.5,349,17,0,1,38,4.74822,2.0,0.5,TCDD1nM4hr1_Subset
546,8.424,14.352,1.5,350,16,0,1,93,0.51917,1.0,1.0,TCDD1nM4hr1_Subset
547,4.784,13.312,1.5,351,15,0,1,48,1.29251,2.0,0.5,TCDD1nM4hr1_Subset
548,6.032,13.208,1.5,352,14,0,1,38,4.74822,2.0,0.5,TCDD1nM4hr1_Subset
549,10.816,12.792,1.5,353,13,0,1,102,0.43805,1.0,1.0,TCDD1nM4hr1_Subset
550,6.344,12.584,1.5,354,12,0,1,62,1.47638,2.0,0.5,TCDD1nM4hr1_Subset
551,11.336,12.48,1.5,355,9,6,1,96,0.59488,2.0,0.5,TCDD1nM4hr1_Subset
552,8.112,12.272,1.5,356,11,0,1,62,1.47638,2.0,0.5,TCDD1nM4hr1_Subset
553,10.4,10.608,1.5,357,8,0,1,63,1.6873,2.5,0.4,TCDD1nM4hr1_Subset
554,7.488,10.608,1.5,358,7,0,1,34,1.31955,2.0,0.5,TCDD1nM4hr1_Subset
555,7.592,9.776,1.5,359,6,0,1,34,1.31955,2.0,0.5,TCDD1nM4hr1_Subset
556,10.088,7.8,1.5,360,5,0,1,63,1.6873,2.5,0.4,TCDD1nM4hr1_Subset
557,7.904,7.696,1.5,361,4,0,1,29,5.49994,2.0,0.5,TCDD1nM4hr1_Subset
558,5.824,5.512,1.5,362,3,0,1,98,0.51917,1.0,1.0,TCDD1nM4hr1_Subset
559,8.008,3.64,1.5,363,2,10,1,103,0.24336,1.0,1.0,TCDD1nM4hr1_Subset
560,8.32,2.6,1.5,364,2,0,1,103,0.24336,1.0,1.0,TCDD1nM4hr1_Subset
561,8.424,1.872,1.5,365,1,9,1,104,0.15683,1.0,1.0,TCDD1nM4hr1_Subset
562,8.008,0.936,1.5,366,1,0,1,104,0.15683,1.0,1.0,TCDD1nM4hr1_Subset
563,9.048,13.208,1.0,367,0,0,1,95,0.2055,1.0,1.0,TCDD1nM4hr1_Subset
